womens_rights,familycare,education,healthcare,military,economics,foreign_affairs,policing,covid
gender parity,kids,bachelors degree,healthcare,aircraft,consumer goods,international treaty,unmarked police,covid
sex workers,parents,schooling,health insurance,airforce,capital,paris climate,police radio,corona
empowering women,,tutor,public health,armed conflict,jobs,foreign nationals,say their names,coronavirus
pro choice,parenting,kindergarteners,medical,armed occupation,imf,international trade,abolish police,pandemic
sex,nephew,schools,medicine,arms sales,distribution,tariffs,baton,epidemic
reproductive freedom,relatives,student,addiction,army,economics,international relations,patrols,mask
sex discrimination,household,academic,opioids,battle of,tariffs,foreign intelligence,all lives,antimasker
pro choice,nanny,teacher,cancer screening,battlefield,private sector,geneva convention,patrols,antimaskers
patriarchy,mothers,school buses,health services,bomb,import,refugee,stop and frisk,ppe
misogyny,spouse,study,mammograms,bomber,gdp,countries,arrest,shadow pandemic
female,babysitter,bussing,mental health,bombing,loans,new start,saytheirnames,virus
birth control,daycare,exams,medicare,cadet,bailout,protectionist,prison,vaccine
gender stereotypes,grandma,exam,medicareforall,cadets,firms,protectionism,black bodies,herd immunity
women,home,homeschooler,medical,coast guard,gig economy,nato,policestation,operation warp speed
contraceptive,stepfather,diploma,preexistingconditions,commander,stocks,nationalist,warrant,doses
equal rights amendment,familycare,teachers,preexisting conditions,corporal,private firms,paris agreement,jail,pfizer
transgender,daughters,advanced placement,pharmaceutical,covert operation,firm,foreign adversaries,search seizure,antibodies
gender equality,eldercare,professor,pharma,detonate,inflation,paris accords,officer,operationwarpspeed
trans,grandpa,highschoolers,big pharma,drone strike,labor,foreign ally,excessive force,social distance
woc,foster,highschool,bigpharma,drone strikes,private contractor,foreign allies,acab,social distancing
sexual assault,cooking,math,opioid,endless war,bail out,passport,warrantless,socialdistancing
suffragette,cook,students,medicaid,enlistment,economic growth,international alliance,night stick,moderna
family leave,pet,university,health care,grenade,laissezfaire,global policy,body camera,phase
wage gap,chores,professors,aca,guerrilla,prices,entente,officers,clinical trials
maternity leave,clothes,transfer,obamacare,gunner,free market,un,pd,clinical trial
cedaw,wife,pto,,insurgency,banker,expatriation,bluelivesmatter,cdc
fgm,laundry,schoolbus,obama care,insurgent,banking,iran nuclear,alllivesmatter,dhs
female genital mutilation,sons,buses,affordablecareact,intervention,loan,abraham accords,sayhername,nih
mother,fathers,preschool,affordable care act,military,monetary,jcpoa,sayhisname,worldhealthorganization
roe,granddaughter,GED,health insurance,lieutenant,stock,globalist,warrants,world health organization
prostitution,stepdaughter,homeschool,affordable coverage,marines,supply and demand,ratification,undercover cop,center for disease control
pro life,husband,academics,health savings account,military battles,economic collapse,,black lives,n95
suffragist,siblings,graduation,hsa,military draft,gross domestic product,diplomat,protect serve,quarantine
misogynist,children,homework,med prices,missile,robinhood,nations,arrested,hospital beds
patriarchal,adoptive,algebra,medical,mortar,investment banker,negotiations,criminal,covid testing
terf,child,campus,single payer,naval,tax,envoy,warrant,vaccine trials
girls,bedroom,homeschooling,singlepayer,navy,taxes,ratify,van,approval process
right to life,adopt,kindergartener,opiodepidemic,no fly zone,industry,globalism,defund police,lockdown
woman,grandmother,kindergarten,public health,nofly,money,nafta,blacklivesmatter,lockdowns
suffrage,grandfather,studying,va mission act,nuclear,production line,foreign national,black lives matter,locked up
rape,dad,graduate,mission act,nuke,wall street,covenant,law order,cdcgov
contraceptives,inlaws,prek,nursing,nukes,trade,international diplomacy,cop,caresact
pregnancy,stepmother,sat,patients,commanding officer,profit,nationalism,police misconduct,cares act
girl,childhood,grades,putpatientsfirst,paratrooper,businesses,embassy,police siren,stimulus check
equal pay,caregivers,phd,health coverage,post traumatic stress disorder,deflation,export,blue lives,stimulus package
violence against women,caregiving,textbooks,health care providers,pow,private equity firm,detente,policewomen,wearamask
domestic violence,son,tuition,health equity,prisoner of war,national debt,vienna convention,policeman,coronaviruspandemic
third wave feminism,domestic life,elementary,uninsured,ptsd,stock market,trade barriers,riot gear,shelter in place
women of color,adoption,courses,preventative care,sergeant,workforce,globalization,police uniform,safely reopen
arranged marriage,neice,schoolers,doctor,sniper,business contract,alliances,back blue,reopen safely
maternal,grandson,masters degree,medical professional,soldier,business regulation,import,all cops are bastards,reopensafely
childbirth,twin,degree,prescriptions,strikes,business regulations,united nations,police department,
reproductive rights,cousin,grade,universal healthcare,tactic of war,economic,statecraft,police sirens,cdc guidelines
sex work,stepson,student loan,universalhealthcare,tactics of war,workers,foreign relations,bodycam,cdcgov guidelines
housewives,widow,middleschool,universal health care,tank,union,sovereign,police brutality,chinese virus
pregnant,pediatrician,school bus,mammograms,tanks,business,extradition,criminal justice,symptoms
feminist,,graders,breast cancer,terror,investment,treaty,tough crime,flattenthecurve
feminism,mom,ap,breastcancerawarenessmonth,terrorism,communist,talks,handcuffs,china virus
first wave feminism,family,school,title x,terrorist,employed,embargo,handcuff,plandemic
second wave feminism,daughter,classes,reproductive health care,threat,employer,ambassadors,police chief,intubator
mansplain,cleaner,coursework,mortality,troop,employers,transnational,sheriff,mass graves
gender,,campuses,death,troops,consumers,ambassador,swat,intubated
gender discrimination ,,tutoring,deaths,veteran,employment,bilateral,policewoman,nurses
womens empowerment,,tutors,illness,veterans,job,national intelligence,say his name,doctors
forced sterilization,,college,sickness,war,socialism,national security,say her name,front line workers
abortion,,education,disease,wars,capitalism,foreign policy,cops,nurse
reproductive health,,student debt,drug prices,,economy,foreign affairs,police,doctor
marital rape,,reading,open enrollment,,bankers,international politics,policemen,reopening
trafficking,,middleschoolers,health screenings,,worker,expatriot,fuzz,
bodily integrity,,stem,blood pressure,,export,sovereignty,militarized,
womxn,,charter schools,hospital,,tariff,refugees,say name,
sexuality,,magnate schools,ambulance,,unionize,trans pacific partnership,say names,
mammograms,,magnate school,hospitals,,reemploy,tpp,law enforcement,
breast cancer,,charter school,health savings accounts,,reemployment,group of seven,prosecution,
breastcancerawarenessmonth,,backpack,painkillers,,franchise,un human rights,prosecute,
title x,,school supplies,presecribed,,franchises,unesco,,
reproductive health care,,,prescriptions drugs,,small businesses,world trade organization,,
planned parenthood,,,affordable hc,,smallbiz,wto,,
obstetricians,,,telemedicine,,dollar,smart traveler enrollment program,,
gynecologists,,,inpatient,,dollars,Afghanistan,,
obgyn,,,outpatient,,payroll,abdullah,,
,,,patient,,industries,ghani,,
,,,radiologists,,grants,Afghan,,
,,,radiologist,,grant,Albania,,
,,,dental,,laborer,Albanian,,
,,,dentist,,laborers,Algeria,,
,,,orthopedic,,,Algerian,,
,,,ER,,,Andorra,,
,,,obstetricians,,,Andorra,,
,,,gynecologists,,,Angola,,
,,,obgyn,,,Angolan,,
,,,psychologist,,,Antigua,,
,,,pediatrician,,,Antiguan,,
,,,,,,Argentina,,
,,,,,,Argentinian,,
,,,,,,Armenia,,
,,,,,,Armenian,,
,,,,,,Australia,,
,,,,,,Australian,,
,,,,,,Austria,,
,,,,,,Austrian,,
,,,,,,Azerbaijan,,
,,,,,,Azerbaijanian,,
,,,,,,Bahamas,,
,,,,,,Bahrain,,
,,,,,,Bahrainian,,
,,,,,,Bangladesh,,
,,,,,,Bangladeshi,,
,,,,,,Barbados,,
,,,,,,Belarus,,
,,,,,,Belgium,,
,,,,,,Belgian,,
,,,,,,Belize,,
,,,,,,Benin,,
,,,,,,Bhutan,,
,,,,,,Bolivia,,
,,,,,,Bolivian,,
,,,,,,Bosnia Herzegovina,,
,,,,,,Botswana,,
,,,,,,Botswanan,,
,,,,,,Brazil,,
,,,,,,Brazillian,,
,,,,,,Brunei,,
,,,,,,Bulgaria,,
,,,,,,Bulgarian,,
,,,,,,Burkina,,
,,,,,,Burundi,,
,,,,,,Cambodia,,
,,,,,,Cambodian,,
,,,,,,Cameroon,,
,,,,,,Canada,,
,,,,,,Canadian,,
,,,,,,Cape Verde,,
,,,,,,Central African Rep,,
,,,,,,Chad,,
,,,,,,Chile,,
,,,,,,Chilean,,
,,,,,,China,,
,,,,,,Chinese,,
,,,,,,CCP,,
,,,,,,Peoples republic,,
,,,,,,xi,,
,,,,,,xijinpin,,
,,,,,,Colombia,,
,,,,,,Colombian,,
,,,,,,Comoros,,
,,,,,,Congo,,
,,,,,,Costa Rica,,
,,,,,,Costa Rican,,
,,,,,,Croatia,,
,,,,,,Croatian,,
,,,,,,Cuba,,
,,,,,,Cuban,,
,,,,,,Cyprus,,
,,,,,,Czech Republic,,
,,,,,,Denmark,,
,,,,,,Danes,,
,,,,,,Djibouti,,
,,,,,,Djiboutians,,
,,,,,,Dominica,,
,,,,,,Dominicans,,
,,,,,,Dominican Republic,,
,,,,,,East Timor,,
,,,,,,East Timorese,,
,,,,,,Ecuador,,
,,,,,,Ecuadorian,,
,,,,,,Egypt,,
,,,,,,Egyptian,,
,,,,,,El Salvador,,
,,,,,,Salvadoran,,
,,,,,,Equatorial Guinea,,
,,,,,,Guinean,,
,,,,,,Eritrea,,
,,,,,,Eritrean,,
,,,,,,Estonia,,
,,,,,,Estonian,,
,,,,,,Ethiopia,,
,,,,,,Ethiopian,,
,,,,,,Fiji,,
,,,,,,Fijian,,
,,,,,,Finland,,
,,,,,,Finnish,,
,,,,,,Finns,,
,,,,,,France,,
,,,,,,French,,
,,,,,,Macron,,
,,,,,,Gabon,,
,,,,,,Gabonese,,
,,,,,,Gambia,,
,,,,,,Gambian,,
,,,,,,Georgia,,
,,,,,,Georgian,,
,,,,,,Germany,,
,,,,,,German,,
,,,,,,Merkel,,
,,,,,,Ghana,,
,,,,,,Ghanaian,,
,,,,,,Greece,,
,,,,,,Greek,,
,,,,,,Grenada,,
,,,,,,Guatemala,,
,,,,,,Guatemalan,,
,,,,,,Guinea,,
,,,,,,Guinea-Bissau,,
,,,,,,Guyana,,
,,,,,,Guyanese,,
,,,,,,Haiti,,
,,,,,,Haitian,,
,,,,,,Honduras,,
,,,,,,Honduran,,
,,,,,,Hungary,,
,,,,,,Hungarian,,
,,,,,,Iceland,,
,,,,,,Icelandic,,
,,,,,,Icelander,,
,,,,,,India,,
,,,,,,Indian,,
,,,,,,Modi,,
,,,,,,Indonesia,,
,,,,,,Indonesian,,
,,,,,,Iran,,
,,,,,,Rouhani,,
,,,,,,Ayatollah,,
,,,,,,Khameini,,
,,,,,,Iranian,,
,,,,,,Soleimani,,
,,,,,,Hussein,,
,,,,,,Bin laden,,
,,,,,,Iraq,,
,,,,,,Salih,,
,,,,,,Iraqi,,
,,,,,,Ireland,,
,,,,,,prime minister,,
,,,,,,Mustafa,,
,,,,,,kadhimi,,
,,,,,,Israel,,
,,,,,,Israeli,,
,,,,,,netanyahu,,
,,,,,,gantz,,
,,,,,,west bank,,
,,,,,,westbank,,
,,,,,,gaza,,
,,,,,,tel aviv,,
,,,,,,telaviv,,
,,,,,,golan,,
,,,,,,palestine,,
,,,,,,hamas,,
,,,,,,hezbollah,,
,,,,,,qaeda,,
,,,,,,al qaeda,,
,,,,,,alqaeda,,
,,,,,,isis,,
,,,,,,isil,,
,,,,,,desh,,
,,,,,,islamic state,,
,,,,,,houthi,,
,,,,,,taliban,,
,,,,,,boko haram,,
,,,,,,Italy,,
,,,,,,italian,,
,,,,,,mussolini,,
,,,,,,Ivory Coast,,
,,,,,,Jamaica,,
,,,,,,Jamaican,,
,,,,,,Japan,,
,,,,,,Japanese,,
,,,,,,Jordan,,
,,,,,,Jordanese,,
,,,,,,Kazakhstan,,
,,,,,,Kazak,,
,,,,,,Kenya,,
,,,,,,kenyan,,
,,,,,,Kiribati,,
,,,,,,Korea North,,
,,,,,,north korea,,
,,,,,,korea,,
,,,,,,kim jong un,,
,,,,,,jongun,,
,,,,,,Korea South,,
,,,,,,south korea,,
,,,,,,Kosovo,,
,,,,,,Kuwait,,
,,,,,,Kyrgyzstan,,
,,,,,,Laos,,
,,,,,,Latvia,,
,,,,,,Lebanon,,
,,,,,,Lesotho,,
,,,,,,Liberia,,
,,,,,,Libya,,
,,,,,,Liechtenstein,,
,,,,,,Lithuania,,
,,,,,,Luxembourg,,
,,,,,,Macedonia,,
,,,,,,Madagascar,,
,,,,,,Malawi,,
,,,,,,Malaysia,,
,,,,,,Maldives,,
,,,,,,Mali,,
,,,,,,Malta,,
,,,,,,Marshall Islands,,
,,,,,,Mauritania,,
,,,,,,Mauritius,,
,,,,,,Mexico,,
,,,,,,obrador,,
,,,,,,Micronesia,,
,,,,,,Moldova,,
,,,,,,Monaco,,
,,,,,,Mongolia,,
,,,,,,Montenegro,,
,,,,,,Morocco,,
,,,,,,Mozambique,,
,,,,,,Myanmar,,
,,,,,,burma,,
,,,,,,Namibia,,
,,,,,,Nauru,,
,,,,,,Nepal,,
,,,,,,Netherlands,,
,,,,,,New Zealand,,
,,,,,,Nicaragua,,
,,,,,,Niger,,
,,,,,,Nigeria,,
,,,,,,nigerian,,
,,,,,,Norway,,
,,,,,,Oman,,
,,,,,,Pakistan,,
,,,,,,pakistani,,
,,,,,,alvi,,
,,,,,,Palau,,
,,,,,,Panama,,
,,,,,,Papua New Guinea,,
,,,,,,Paraguay,,
,,,,,,Peru,,
,,,,,,peruvian,,
,,,,,,Philippines,,
,,,,,,phillipino,,
,,,,,,Poland,,
,,,,,,Portugal,,
,,,,,,Qatar,,
,,,,,,Romania,,
,,,,,,romanian,,
,,,,,,Russian Federation,,
,,,,,,Russia,,
,,,,,,Putin,,
,,,,,,Navalny,,
,,,,,,KGB,,
,,,,,,USSR,,
,,,,,,Rwanda,,
,,,,,,rwandan,,
,,,,,,St Kitts & Nevis,,
,,,,,,St Lucia,,
,,,,,,Saint Vincent,,
,,,,,,the Grenadines,,
,,,,,,Samoa,,
,,,,,,San Marino,,
,,,,,,Sao Tome,,
,,,,,,Principe,,
,,,,,,Saudi Arabia,,
,,,,,,bin salman,,
,,,,,,crown prince,,
,,,,,,Senegal,,
,,,,,,senegalese,,
,,,,,,Serbia,,
,,,,,,serbian,,
,,,,,,Seychelles,,
,,,,,,Sierra Leone,,
,,,,,,Singapore,,
,,,,,,Slovakia,,
,,,,,,slovakian,,
,,,,,,Slovenia,,
,,,,,,slovenian,,
,,,,,,Solomon Islands,,
,,,,,,Somalia,,
,,,,,,somali,,
,,,,,,somalian,,
,,,,,,South Africa,,
,,,,,,african,,
,,,,,,africa,,
,,,,,,asia,,
,,,,,,europe,,
,,,,,,eurasia,,
,,,,,,south america,,
,,,,,,South Sudan,,
,,,,,,Spain,,
,,,,,,Sri Lanka,,
,,,,,,Sudan,,
,,,,,,sudanese,,
,,,,,,Suriname,,
,,,,,,Swaziland,,
,,,,,,Sweden,,
,,,,,,swedish,,
,,,,,,Switzerland,,
,,,,,,Syria,,
,,,,,,syrian,,
,,,,,,Taiwan,,
,,,,,,taiwanese,,
,,,,,,Tajikistan,,
,,,,,,Tanzania,,
,,,,,,Thailand,,
,,,,,,thai,,
,,,,,,Togo,,
,,,,,,Tonga,,
,,,,,,Trinidad,,
,,,,,,Tobago,,
,,,,,,Tunisia,,
,,,,,,tunisian,,
,,,,,,Turkey,,
,,,,,,turkish,,
,,,,,,kurds,,
,,,,,,kurdish,,
,,,,,,Turkmenistan,,
,,,,,,Tuvalu,,
,,,,,,Uganda,,
,,,,,,ugandan,,
,,,,,,Ukraine,,
,,,,,,United Arab Emirates,,
,,,,,,UAE,,
,,,,,,U A E,,
,,,,,,United Kingdom,,
,,,,,,UK,,
,,,,,,U K,,
,,,,,,Britain,,
,,,,,,British,,
,,,,,,England,,
,,,,,,Uruguay,,
,,,,,,Uzbekistan,,
,,,,,,Vanuatu,,
,,,,,,Holy See,,
,,,,,,Venezuela,,
,,,,,,Vietnam,,
,,,,,,vietnamese,,
,,,,,,Yemen,,
,,,,,,yemenese,,
,,,,,,Zambia,,
,,,,,,Zimbabwe,,
,,,,,,Kabul,,
,,,,,,Tirana,,
,,,,,,Algiers,,
,,,,,,Andorra la Vella,,
,,,,,,Luanda,,
,,,,,,Buenos Aires,,
,,,,,,Yerevan,,
,,,,,,Canberra,,
,,,,,,Vienna,,
,,,,,,Baku,,
,,,,,,Nassau,,
,,,,,,Manama,,
,,,,,,Dhaka,,
,,,,,,Bridgetown,,
,,,,,,Minsk,,
,,,,,,Brussels,,
,,,,,,Belmopan,,
,,,,,,PortoNovo,,
,,,,,,Thimphu,,
,,,,,,"La Paz, Sucre",,
,,,,,,Sarajevo,,
,,,,,,Gaborone,,
,,,,,,Brasilia,,
,,,,,,Bandar Seri Begawan,,
,,,,,,Sofia,,
,,,,,,Ouagadougou,,
,,,,,,Bujumbura,,
,,,,,,Phnom Penh,,
,,,,,,Yaounde,,
,,,,,,Ottawa,,
,,,,,,Praia,,
,,,,,,Bangui,,
,,,,,,NDjamena,,
,,,,,,Santiago,,
,,,,,,Beijing,,
,,,,,,Bogota,,
,,,,,,Moroni,,
,,,,,,Brazzaville,,
,,,,,,Kinshasa,,
,,,,,,San Jose,,
,,,,,,Yamoussoukro,,
,,,,,,Zagreb,,
,,,,,,Havana,,
,,,,,,Nicosia,,
,,,,,,Prague,,
,,,,,,Copenhagen,,
,,,,,,Djibouti,,
,,,,,,Roseau,,
,,,,,,Santo Domingo,,
,,,,,,Dili,,
,,,,,,Quito,,
,,,,,,Cairo,,
,,,,,,San Salvador,,
,,,,,,Malabo,,
,,,,,,Asmara,,
,,,,,,Tallinn,,
,,,,,,Addis Ababa,,
,,,,,,Suva,,
,,,,,,Helsinki,,
,,,,,,Paris,,
,,,,,,Libreville,,
,,,,,,Banjul,,
,,,,,,Tbilisi,,
,,,,,,Berlin,,
,,,,,,Accra,,
,,,,,,Athens,,
,,,,,,Saint Georges,,
,,,,,,Guatemala City,,
,,,,,,Conakry,,
,,,,,,Bissau,,
,,,,,,Port au Prince,,
,,,,,,PortauPrince,,
,,,,,,Tegucigalpa,,
,,,,,,Budapest,,
,,,,,,Reykjavik,,
,,,,,,New Delhi,,
,,,,,,Jakarta,,
,,,,,,Tehran,,
,,,,,,Baghdad,,
,,,,,,Dublin,,
,,,,,,Jerusalem,,
,,,,,,Rome,,
,,,,,,Kingston,,
,,,,,,Tokyo,,
,,,,,,Amman,,
,,,,,,Astana,,
,,,,,,Nairobi,,
,,,,,,Tarawa Atoll,,
,,,,,,Pyongyang,,
,,,,,,Seoul,,
,,,,,,Pristina,,
,,,,,,Kuwait City,,
,,,,,,Bishkek,,
,,,,,,Vientiane,,
,,,,,,Riga,,
,,,,,,Beirut,,
,,,,,,Maseru,,
,,,,,,Monrovia,,
,,,,,,Tripoli,,
,,,,,,Vaduz,,
,,,,,,Vilnius,,
,,,,,,Luxembourg,,
,,,,,,Skopje,,
,,,,,,Antananarivo,,
,,,,,,Lilongwe,,
,,,,,,Kuala Lumpur,,
,,,,,,Bamako,,
,,,,,,Valletta,,
,,,,,,Majuro,,
,,,,,,Nouakchott,,
,,,,,,Port Louis,,
,,,,,,Mexico City,,
,,,,,,Palikir,,
,,,,,,Chisinau,,
,,,,,,Monaco,,
,,,,,,Ulaanbaatar,,
,,,,,,Podgorica,,
,,,,,,Rabat,,
,,,,,,Maputo,,
,,,,,,Naypyidaw,,
,,,,,,Windhoek,,
,,,,,,Yaren District,,
,,,,,,Kathmandu,,
,,,,,,Amsterdam,,
,,,,,,Wellington,,
,,,,,,Managua,,
,,,,,,Niamey,,
,,,,,,Abuja,,
,,,,,,Oslo,,
,,,,,,Muscat,,
,,,,,,Islamabad,,
,,,,,,Melekeok,,
,,,,,,Panama City,,
,,,,,,Port Moresby,,
,,,,,,Asuncion,,
,,,,,,Lima,,
,,,,,,Manila,,
,,,,,,Warsaw,,
,,,,,,Lisbon,,
,,,,,,Doha,,
,,,,,,Bucharest,,
,,,,,,Moscow,,
,,,,,,Kigali,,
,,,,,,Basseterre,,
,,,,,,Castries,,
,,,,,,Kingstown,,
,,,,,,Apia,,
,,,,,,San Marino,,
,,,,,,Sao Tome,,
,,,,,,Riyadh,,
,,,,,,Dakar,,
,,,,,,Belgrade,,
,,,,,,Victoria,,
,,,,,,Freetown,,
,,,,,,Singapore,,
,,,,,,Bratislava,,
,,,,,,Ljubljana,,
,,,,,,Honiara,,
,,,,,,Mogadishu,,
,,,,,,Pretoria,,
,,,,,,Cape Town,,
,,,,,,Bloemfontein,,
,,,,,,Juba,,
,,,,,,Madrid,,
,,,,,,ColomboSri Jayewardenepura Kotte,,
,,,,,,Khartoum,,
,,,,,,Paramaribo,,
,,,,,,Mbabane,,
,,,,,,Stockholm,,
,,,,,,Bern,,
,,,,,,Damascus,,
,,,,,,Taipei,,
,,,,,,Dushanbe,,
,,,,,,Dodoma,,
,,,,,,Bangkok,,
,,,,,,Lome,,
,,,,,,Nuku alofa,,
,,,,,,Nukualofa,,
,,,,,,Port of Spain,,
,,,,,,Tunis,,
,,,,,,Ankara,,
,,,,,,Ashgabat,,
,,,,,,Funafuti,,
,,,,,,Kampala,,
,,,,,,Kyiv,,
,,,,,,Abu Dhabi,,
,,,,,,London,,
,,,,,,Montevideo,,
,,,,,,Tashkent,,
,,,,,,PortVila,,
,,,,,,port vila,,
,,,,,,Vatican City,,
,,,,,,Caracas,,
,,,,,,Hanoi,,
,,,,,,Sanaa,,
,,,,,,Lusaka,,
,,,,,,Harare,,
